id,quote
1,Dreams don't work unless you do.
2,Go the extra mile.
3,Keep your face always toward the sunshine.
4,Action is the foundational key to all success.
5,Just one small positive thought in the morning can change your whole day.
6,"Opportunities don't happen, you create them."
7,"Love your family, work super hard, live your passion."
8,It is never too late to be what you might have been.
9,The best revenge is massive success.
10,What you do today can improve all your tomorrows.
11,"If there is no wind, row."
12,Make each day your masterpiece.
13,"Wherever you go, go with all your heart."
14,Turn your wounds into wisdom.
15,Focus on being productive instead of busy.
16,Motivation is what gets you started. Habit is what keeps you going.
17,Never confuse activity with productivity.
18,"The path to success is to take massive, determined action."
19,You don’t get paid for the hour. You get paid for the value you bring to the hour.
20,A productive day starts with intention.
21,Taking time to recharge doesn’t kill productivity; it promotes it.
22,Clarity is everything.
23,Do the hard jobs first. Easy jobs will take care of themselves.
24,What looks like multitasking is really switching back and forth.
25,Do fewer things. Work at a natural pace. Obsess over quality.
26,Stop making excuses and start ticking things off your to-do list.
27,You can’t be productive until you start turning thoughts into actions.
28,We all have 24 hours in the day.
29,Success always demands a greater effort.
30,"Work hard in silence, let your success be the noise."
31,Don’t be pushed around by the fears in your mind.
32,Be led by the dreams in your heart.
33,"In a gentle way, you can shake the world."
34,Believe you can and you’re halfway there.
35,Start where you are. Use what you have. Do what you can.
36,Either you run the day or the day runs you.
37,Small steps every day.
38,Discipline is the bridge between goals and accomplishment.
39,Done is better than perfect.
40,One day or day one. You decide.
41,"Your future is created by what you do today, not tomorrow."
42,"Focus on progress, not perfection."
43,You are your only limit.
44,Great things never come from comfort zones.
45,Don’t wish for it. Work for it.
46,Success is the sum of small efforts repeated day in and day out.
47,Doubt kills more dreams than failure ever will.
48,Wake up with determination. Go to bed with satisfaction.
49,The key to success is to start before you are ready.
50,Losers quit when they fail. Winners fail until they succeed.
51,Dreams don't work unless you do.
52,Go the extra mile.
53,Keep your face always toward the sunshine.
54,Action is the foundational key to all success.
55,Just one small positive thought in the morning can change your whole day.
56,"Opportunities don't happen, you create them."
57,"Love your family, work super hard, live your passion."
58,It is never too late to be what you might have been.
59,The best revenge is massive success.
60,What you do today can improve all your tomorrows.
61,"If there is no wind, row."
62,Make each day your masterpiece.
63,"Wherever you go, go with all your heart."
64,Turn your wounds into wisdom.
65,Focus on being productive instead of busy.
66,Motivation is what gets you started. Habit is what keeps you going.
67,Never confuse activity with productivity.
68,"The path to success is to take massive, determined action."
69,You don’t get paid for the hour. You get paid for the value you bring to the hour.
70,A productive day starts with intention.
71,Taking time to recharge doesn’t kill productivity; it promotes it.
72,Clarity is everything.
73,Do the hard jobs first. Easy jobs will take care of themselves.
74,What looks like multitasking is really switching back and forth.
75,Do fewer things. Work at a natural pace. Obsess over quality.
76,Stop making excuses and start ticking things off your to-do list.
77,You can’t be productive until you start turning thoughts into actions.
78,We all have 24 hours in the day.
79,Success always demands a greater effort.
80,"Work hard in silence, let your success be the noise."
81,Don’t be pushed around by the fears in your mind.
82,Be led by the dreams in your heart.
83,"In a gentle way, you can shake the world."
84,Believe you can and you’re halfway there.
85,Start where you are. Use what you have. Do what you can.
86,Either you run the day or the day runs you.
87,Small steps every day.
88,Discipline is the bridge between goals and accomplishment.
89,Done is better than perfect.
90,One day or day one. You decide.
91,"Your future is created by what you do today, not tomorrow."
92,"Focus on progress, not perfection."
93,You are your only limit.
94,Great things never come from comfort zones.
95,Don’t wish for it. Work for it.
96,Success is the sum of small efforts repeated day in and day out.
97,Doubt kills more dreams than failure ever will.
98,Wake up with determination. Go to bed with satisfaction.
99,The key to success is to start before you are ready.
100,Losers quit when they fail. Winners fail until they succeed.
101,Dreams don't work unless you do.
102,Go the extra mile.
103,Keep your face always toward the sunshine.
104,Action is the foundational key to all success.
105,Just one small positive thought in the morning can change your whole day.
106,"Opportunities don't happen, you create them."
107,"Love your family, work super hard, live your passion."
108,It is never too late to be what you might have been.
109,The best revenge is massive success.
110,What you do today can improve all your tomorrows.
111,"If there is no wind, row."
112,Make each day your masterpiece.
113,"Wherever you go, go with all your heart."
114,Turn your wounds into wisdom.
115,Focus on being productive instead of busy.
116,Motivation is what gets you started. Habit is what keeps you going.
117,Never confuse activity with productivity.
118,"The path to success is to take massive, determined action."
119,You don’t get paid for the hour. You get paid for the value you bring to the hour.
120,A productive day starts with intention.
121,Taking time to recharge doesn’t kill productivity; it promotes it.
122,Clarity is everything.
123,Do the hard jobs first. Easy jobs will take care of themselves.
124,What looks like multitasking is really switching back and forth.
125,Do fewer things. Work at a natural pace. Obsess over quality.
126,Stop making excuses and start ticking things off your to-do list.
127,You can’t be productive until you start turning thoughts into actions.
128,We all have 24 hours in the day.
129,Success always demands a greater effort.
130,"Work hard in silence, let your success be the noise."
131,Don’t be pushed around by the fears in your mind.
132,Be led by the dreams in your heart.
133,"In a gentle way, you can shake the world."
134,Believe you can and you’re halfway there.
135,Start where you are. Use what you have. Do what you can.
136,Either you run the day or the day runs you.
137,Small steps every day.
138,Discipline is the bridge between goals and accomplishment.
139,Done is better than perfect.
140,One day or day one. You decide.
141,"Your future is created by what you do today, not tomorrow."
142,"Focus on progress, not perfection."
143,You are your only limit.
144,Great things never come from comfort zones.
145,Don’t wish for it. Work for it.
146,Success is the sum of small efforts repeated day in and day out.
147,Doubt kills more dreams than failure ever will.
148,Wake up with determination. Go to bed with satisfaction.
149,The key to success is to start before you are ready.
150,Losers quit when they fail. Winners fail until they succeed.
151,Dreams don't work unless you do.
152,Go the extra mile.
153,Keep your face always toward the sunshine.
154,Action is the foundational key to all success.
155,Just one small positive thought in the morning can change your whole day.
156,"Opportunities don't happen, you create them."
157,"Love your family, work super hard, live your passion."
158,It is never too late to be what you might have been.
159,The best revenge is massive success.
160,What you do today can improve all your tomorrows.
161,"If there is no wind, row."
162,Make each day your masterpiece.
163,"Wherever you go, go with all your heart."
164,Turn your wounds into wisdom.
165,Focus on being productive instead of busy.
166,Motivation is what gets you started. Habit is what keeps you going.
167,Never confuse activity with productivity.
168,"The path to success is to take massive, determined action."
169,You don’t get paid for the hour. You get paid for the value you bring to the hour.
170,A productive day starts with intention.
171,Taking time to recharge doesn’t kill productivity; it promotes it.
172,Clarity is everything.
173,Do the hard jobs first. Easy jobs will take care of themselves.
174,What looks like multitasking is really switching back and forth.
175,Do fewer things. Work at a natural pace. Obsess over quality.
176,Stop making excuses and start ticking things off your to-do list.
177,You can’t be productive until you start turning thoughts into actions.
178,We all have 24 hours in the day.
179,Success always demands a greater effort.
180,"Work hard in silence, let your success be the noise."
181,Don’t be pushed around by the fears in your mind.
182,Be led by the dreams in your heart.
183,"In a gentle way, you can shake the world."
184,Believe you can and you’re halfway there.
185,Start where you are. Use what you have. Do what you can.
186,Either you run the day or the day runs you.
187,Small steps every day.
188,Discipline is the bridge between goals and accomplishment.
189,Done is better than perfect.
190,One day or day one. You decide.
191,"Your future is created by what you do today, not tomorrow."
192,"Focus on progress, not perfection."
193,You are your only limit.
194,Great things never come from comfort zones.
195,Don’t wish for it. Work for it.
196,Success is the sum of small efforts repeated day in and day out.
197,Doubt kills more dreams than failure ever will.
198,Wake up with determination. Go to bed with satisfaction.
199,The key to success is to start before you are ready.
200,Losers quit when they fail. Winners fail until they succeed.
201,Dreams don't work unless you do.
202,Go the extra mile.
203,Keep your face always toward the sunshine.
204,Action is the foundational key to all success.
205,Just one small positive thought in the morning can change your whole day.
206,"Opportunities don't happen, you create them."
207,"Love your family, work super hard, live your passion."
208,It is never too late to be what you might have been.
209,The best revenge is massive success.
210,What you do today can improve all your tomorrows.
211,"If there is no wind, row."
212,Make each day your masterpiece.
213,"Wherever you go, go with all your heart."
214,Turn your wounds into wisdom.
215,Focus on being productive instead of busy.
216,Motivation is what gets you started. Habit is what keeps you going.
217,Never confuse activity with productivity.
218,"The path to success is to take massive, determined action."
219,You don’t get paid for the hour. You get paid for the value you bring to the hour.
220,A productive day starts with intention.
221,Taking time to recharge doesn’t kill productivity; it promotes it.
222,Clarity is everything.
223,Do the hard jobs first. Easy jobs will take care of themselves.
224,What looks like multitasking is really switching back and forth.
225,Do fewer things. Work at a natural pace. Obsess over quality.
226,Stop making excuses and start ticking things off your to-do list.
227,You can’t be productive until you start turning thoughts into actions.
228,We all have 24 hours in the day.
229,Success always demands a greater effort.
230,"Work hard in silence, let your success be the noise."
231,Don’t be pushed around by the fears in your mind.
232,Be led by the dreams in your heart.
233,"In a gentle way, you can shake the world."
234,Believe you can and you’re halfway there.
235,Start where you are. Use what you have. Do what you can.
236,Either you run the day or the day runs you.
237,Small steps every day.
238,Discipline is the bridge between goals and accomplishment.
239,Done is better than perfect.
240,One day or day one. You decide.
241,"Your future is created by what you do today, not tomorrow."
242,"Focus on progress, not perfection."
243,You are your only limit.
244,Great things never come from comfort zones.
245,Don’t wish for it. Work for it.
246,Success is the sum of small efforts repeated day in and day out.
247,Doubt kills more dreams than failure ever will.
248,Wake up with determination. Go to bed with satisfaction.
249,The key to success is to start before you are ready.
250,Losers quit when they fail. Winners fail until they succeed.
251,Dreams don't work unless you do.
252,Go the extra mile.
253,Keep your face always toward the sunshine.
254,Action is the foundational key to all success.
255,Just one small positive thought in the morning can change your whole day.
256,"Opportunities don't happen, you create them."
257,"Love your family, work super hard, live your passion."
258,It is never too late to be what you might have been.
259,The best revenge is massive success.
260,What you do today can improve all your tomorrows.
261,"If there is no wind, row."
262,Make each day your masterpiece.
263,"Wherever you go, go with all your heart."
264,Turn your wounds into wisdom.
265,Focus on being productive instead of busy.
266,Motivation is what gets you started. Habit is what keeps you going.
267,Never confuse activity with productivity.
268,"The path to success is to take massive, determined action."
269,You don’t get paid for the hour. You get paid for the value you bring to the hour.
270,A productive day starts with intention.
271,Taking time to recharge doesn’t kill productivity; it promotes it.
272,Clarity is everything.
273,Do the hard jobs first. Easy jobs will take care of themselves.
274,What looks like multitasking is really switching back and forth.
275,Do fewer things. Work at a natural pace. Obsess over quality.
276,Stop making excuses and start ticking things off your to-do list.
277,You can’t be productive until you start turning thoughts into actions.
278,We all have 24 hours in the day.
279,Success always demands a greater effort.
280,"Work hard in silence, let your success be the noise."
281,Don’t be pushed around by the fears in your mind.
282,Be led by the dreams in your heart.
283,"In a gentle way, you can shake the world."
284,Believe you can and you’re halfway there.
285,Start where you are. Use what you have. Do what you can.
286,Either you run the day or the day runs you.
287,Small steps every day.
288,Discipline is the bridge between goals and accomplishment.
289,Done is better than perfect.
290,One day or day one. You decide.
291,"Your future is created by what you do today, not tomorrow."
292,"Focus on progress, not perfection."
293,You are your only limit.
294,Great things never come from comfort zones.
295,Don’t wish for it. Work for it.
296,Success is the sum of small efforts repeated day in and day out.
297,Doubt kills more dreams than failure ever will.
298,Wake up with determination. Go to bed with satisfaction.
299,The key to success is to start before you are ready.
300,Losers quit when they fail. Winners fail until they succeed.
301,Dreams don't work unless you do.
302,Go the extra mile.
303,Keep your face always toward the sunshine.
304,Action is the foundational key to all success.
305,Just one small positive thought in the morning can change your whole day.
306,"Opportunities don't happen, you create them."
307,"Love your family, work super hard, live your passion."
308,It is never too late to be what you might have been.
309,The best revenge is massive success.
310,What you do today can improve all your tomorrows.
311,"If there is no wind, row."
312,Make each day your masterpiece.
313,"Wherever you go, go with all your heart."
314,Turn your wounds into wisdom.
315,Focus on being productive instead of busy.
316,Motivation is what gets you started. Habit is what keeps you going.
317,Never confuse activity with productivity.
318,"The path to success is to take massive, determined action."
319,You don’t get paid for the hour. You get paid for the value you bring to the hour.
320,A productive day starts with intention.
321,Taking time to recharge doesn’t kill productivity; it promotes it.
322,Clarity is everything.
323,Do the hard jobs first. Easy jobs will take care of themselves.
324,What looks like multitasking is really switching back and forth.
325,Do fewer things. Work at a natural pace. Obsess over quality.
326,Stop making excuses and start ticking things off your to-do list.
327,You can’t be productive until you start turning thoughts into actions.
328,We all have 24 hours in the day.
329,Success always demands a greater effort.
330,"Work hard in silence, let your success be the noise."
331,Don’t be pushed around by the fears in your mind.
332,Be led by the dreams in your heart.
333,"In a gentle way, you can shake the world."
334,Believe you can and you’re halfway there.
335,Start where you are. Use what you have. Do what you can.
336,Either you run the day or the day runs you.
337,Small steps every day.
338,Discipline is the bridge between goals and accomplishment.
339,Done is better than perfect.
340,One day or day one. You decide.
341,"Your future is created by what you do today, not tomorrow."
342,"Focus on progress, not perfection."
343,You are your only limit.
344,Great things never come from comfort zones.
345,Don’t wish for it. Work for it.
346,Success is the sum of small efforts repeated day in and day out.
347,Doubt kills more dreams than failure ever will.
348,Wake up with determination. Go to bed with satisfaction.
349,The key to success is to start before you are ready.
350,Losers quit when they fail. Winners fail until they succeed.
351,Dreams don't work unless you do.
352,Go the extra mile.
353,Keep your face always toward the sunshine.
354,Action is the foundational key to all success.
355,Just one small positive thought in the morning can change your whole day.
356,"Opportunities don't happen, you create them."
357,"Love your family, work super hard, live your passion."
358,It is never too late to be what you might have been.
359,The best revenge is massive success.
360,What you do today can improve all your tomorrows.
361,"If there is no wind, row."
362,Make each day your masterpiece.
363,"Wherever you go, go with all your heart."
364,Turn your wounds into wisdom.
365,Focus on being productive instead of busy.
366,Motivation is what gets you started. Habit is what keeps you going.
367,Never confuse activity with productivity.
368,"The path to success is to take massive, determined action."
369,You don’t get paid for the hour. You get paid for the value you bring to the hour.
370,A productive day starts with intention.
371,Taking time to recharge doesn’t kill productivity; it promotes it.
372,Clarity is everything.
373,Do the hard jobs first. Easy jobs will take care of themselves.
374,What looks like multitasking is really switching back and forth.
375,Do fewer things. Work at a natural pace. Obsess over quality.
376,Stop making excuses and start ticking things off your to-do list.
377,You can’t be productive until you start turning thoughts into actions.
378,We all have 24 hours in the day.
379,Success always demands a greater effort.
380,"Work hard in silence, let your success be the noise."
381,Don’t be pushed around by the fears in your mind.
382,Be led by the dreams in your heart.
383,"In a gentle way, you can shake the world."
384,Believe you can and you’re halfway there.
385,Start where you are. Use what you have. Do what you can.
386,Either you run the day or the day runs you.
387,Small steps every day.
388,Discipline is the bridge between goals and accomplishment.
389,Done is better than perfect.
390,One day or day one. You decide.
391,"Your future is created by what you do today, not tomorrow."
392,"Focus on progress, not perfection."
393,You are your only limit.
394,Great things never come from comfort zones.
395,Don’t wish for it. Work for it.
396,Success is the sum of small efforts repeated day in and day out.
397,Doubt kills more dreams than failure ever will.
398,Wake up with determination. Go to bed with satisfaction.
399,The key to success is to start before you are ready.
400,Losers quit when they fail. Winners fail until they succeed.
